assay,experiment_id,historical_number,replicate,modality,chemistry,index_type,index,species,n_donors,adt_file
DOGMA,Tissue_HSPC,1,A,ATAC,ARC-v1,DI,SI-NA-A1,human,2,Tissue_HSPC_ADT
DOGMA,Tissue_HSPC,1,A,GEX,ARC-v1,DI,SI-TT-A1,human,2,Tissue_HSPC_ADT
DOGMA,Tissue_HSPC,1,A,ADT,ARC-v1,DI,CATAGCCG,human,2,Tissue_HSPC_ADT
DOGMA,Tissue_HSPC,1,B,ATAC,ARC-v1,DI,SI-NA-A2,human,2,Tissue_HSPC_ADT
DOGMA,Tissue_HSPC,1,B,GEX,ARC-v1,DI,SI-TT-A2,human,2,Tissue_HSPC_ADT
DOGMA,Tissue_HSPC,1,B,ADT,ARC-v1,DI,CATAGCCG,human,2,Tissue_HSPC_ADT
,,,,,,,,,,
Multiome,Tissue_HSPC,3,A,ATAC,ARC-v1,DI,SI-NA-A3,human,2,NA
Multiome,Tissue_HSPC,3,A,GEX,ARC-v1,DI,SI-TT-A3,human,2,NA
,,,,,,,,,,
ASAP,Adaptive_NKG2Cneg,1,A,ATAC,ATAC,DI,SI-NA-A4,human,2,Adaptive_NKG2Cneg
ASAP,Adaptive_NKG2Cneg,1,A,ADT,ATAC,DI,AGCTTCAG,human,2,Adaptive_NKG2Cneg
ASAP,Adaptive_NKG2Cneg,2,A,ATAC,ATAC,DI,SI-NA-A5,human,2,Adaptive_NKG2Cneg
ASAP,Adaptive_NKG2Cneg,2,A,ADT,ATAC,DI,AGCTTCAG,human,2,Adaptive_NKG2Cneg
,,,,,,,,,,
ATAC,Adaptive_NKG2Cneg,1,A,ATAC,ATAC,DI,SI-NA-A4,human,2,NA
ATAC,Adaptive_NKG2Cneg,2,A,ATAC,ATAC,DI,SI-NA-A5,human,2,NA
,,,,,,,,,,
CITE,Helicobacter_colitis,2,A,GEX,SC3Pv3,SI,SI-GA-A1,mouse,NA,Hh_colitis
CITE,Helicobacter_colitis,2,A,ADT,SC3Pv3,SI,AGCTTCAG,mouse,NA,Hh_colitis
,,,,,,,,,,
GEX,Helicobacter_colitis,3,A,GEX,SC5P-R2,DI,SI-TT-A1,mouse,NA,NA
GEX,Helicobacter_colitis,3,A,VDJ-B,SC5P-R2,DI,SI-TT-A2,mouse,NA,NA
GEX,Helicobacter_colitis,3,A,VDJ-T,SC5P-R2,DI,SI-TT-A3,mouse,NA,NA